<?xml version='1.0' encoding='UTF-8' ?>
<timeLogEntries>
  <time id="1" path="/Projeto/Programa01/Planning" start="@1552410623500" delta="3" />
  <time id="2" path="/Projeto/Programa01/Planning" start="@1552411463574" delta="1" />
  <time id="3" path="/Projeto/Programa01/Design" start="@1552411467070" delta="1" interrupt="3" />
  <time id="4" path="/Projeto/Programa01/Code" start="@1552411694851" delta="12" interrupt="1" />
  <time id="5" path="/Projeto/Programa01/Code" start="@1552413008573" delta="9" interrupt="2" />
  <time id="6" path="/Projeto/Programa01/Code" start="@1552414704702" delta="7" interrupt="419" />
  <time id="7" path="/Projeto/Programa01/Code" start="@1552440514545" delta="4" interrupt="4" />
  <time id="8" path="/Projeto/Programa01/Code" start="@1552441401568" delta="1" />
  <time id="9" path="/Projeto/Programa01/Code" start="@1552441862958" delta="2" interrupt="1" />
  <time id="10" path="/Projeto/Programa01/Code" start="@1552442572147" delta="4" interrupt="5" />
  <time id="11" path="/Projeto/Programa01/Code" start="@1552443860957" delta="2" />
  <time id="12" path="/Projeto/Programa01/Compile" start="@1552447235693" delta="2" interrupt="3" />
  <time id="13" path="/Projeto/Programa01/Compile" start="@1552447751830" delta="2" interrupt="4" />
  <time id="14" path="/Projeto/Programa01/Test" start="@1552448314092" delta="9" interrupt="1" />
  <time id="15" path="/Projeto/Programa01/Postmortem" start="@1552449023664" delta="3" />
  <time id="16" path="/Projeto/Programa01/Postmortem" start="@1552449290267" delta="1" />
  <time id="38" path="/Projeto/Programa02/Planning" start="@1553663743850" delta="1" />
  <time id="39" path="/Projeto/Programa02/Design" start="@1553663829619" delta="1" />
  <time id="40" path="/Projeto/Programa02/Code" start="@1553663854193" delta="6" interrupt="2" />
  <time id="41" path="/Projeto/Programa02/Code" start="@1553831019058" delta="7" />
  <time id="42" path="/Projeto/Programa02/Code" start="@1553833345620" delta="16" interrupt="3" />
  <time id="43" path="/Projeto/Programa02/Code" start="@1553835573828" delta="58" interrupt="8" />
  <time id="44" path="/Projeto/Programa02/Code" start="@1553843052420" delta="14" />
  <time id="45" path="/Projeto/Programa02/Code" start="@1553918530821" delta="4" />
  <time id="46" path="/Projeto/Programa02/Code" start="@1553919415920" delta="7" />
  <time id="47" path="/Projeto/Programa02/Code" start="@1553920869477" delta="6" />
  <time id="48" path="/Projeto/Programa02/Code" start="@1553922448351" delta="16" interrupt="3" />
  <time id="49" path="/Projeto/Programa02/Code" start="@1553925388330" delta="2" />
  <time id="50" path="/Projeto/Programa02/Code" start="@1553927320222" delta="11" />
  <time id="51" path="/Projeto/Programa02/Compile" start="@1553928964271" delta="3" />
  <time id="52" path="/Projeto/Programa02/Test" start="@1554061960504" delta="13" />
  <time id="53" path="/Projeto/Programa02/Test" start="@1554067280169" delta="4" />
  <time id="54" path="/Projeto/Programa02/Test" start="@1554067966292" delta="4" interrupt="54" />
  <time id="55" path="/Projeto/Programa02/Test" start="@1554077639447" delta="35" />
  <time id="56" path="/Projeto/Programa02/Postmortem" start="@1554145305663" delta="2" />
  <time id="57" path="/Projeto/Programa03/Planning" start="@1554832956456" delta="8" interrupt="6" />
  <time id="58" path="/Projeto/Programa03/Design" start="@1555041543618" delta="4" interrupt="1" />
  <time id="59" path="/Projeto/Programa03/Code" start="@1555041864148" delta="4" />
  <time id="60" path="/Projeto/Programa03/Code" start="@1555042466588" delta="1" />
  <time id="61" path="/Projeto/Programa03/Code" start="@1555042928847" delta="3" interrupt="5" />
  <time id="62" path="/Projeto/Programa03/Code" start="@1555043847543" delta="3" />
  <time id="63" path="/Projeto/Programa03/Code" start="@1555044577961" delta="1" interrupt="3" />
  <time id="64" path="/Projeto/Programa03/Code" start="@1555045091123" delta="7" interrupt="3" />
  <time id="65" path="/Projeto/Programa03/Code" start="@1555046209477" delta="15" />
  <time id="66" path="/Projeto/Programa03/Code" start="@1555047767187" delta="2" interrupt="35" />
  <time id="67" path="/Projeto/Programa03/Code" start="@1555111603227" delta="6" interrupt="4" />
  <time id="68" path="/Projeto/Programa03/Code" start="@1555113742983" delta="4" />
  <time id="69" path="/Projeto/Programa03/Code" start="@1555114472718" delta="11" interrupt="165" />
  <time id="70" path="/Projeto/Programa03/Code" start="@1555126422859" delta="9" interrupt="61" />
  <time id="71" path="/Projeto/Programa03/Code" start="@1555131985010" delta="4" interrupt="4" />
  <time id="72" path="/Projeto/Programa03/Compile" start="@1555198549079" delta="3" />
  <time id="73" path="/Projeto/Programa03/Test" start="@1555198754351" delta="10" />
  <time id="74" path="/Projeto/Programa03/Test" start="@1555200891183" delta="1" />
  <time id="75" path="/Projeto/Programa03/Postmortem" start="@1555389625277" delta="3" interrupt="2" />
  <time id="76" path="/Projeto/Programa03/Postmortem" start="@1555390300067" delta="10" />
  <time id="77" path="/Projeto/Programa04/Planning" start="@1555563052789" delta="2" />
  <time id="78" path="/Projeto/Programa04/Design" start="@1555563186010" delta="2" />
  <time id="79" path="/Projeto/Programa04/Code" start="@1555563577324" delta="4" />
  <time id="80" path="/Projeto/Programa04/Planning" start="@1555563937804" delta="1" />
  <time id="81" path="/Projeto/Programa04/Code" start="@1555564009818" delta="6" interrupt="1" />
  <time id="82" path="/Projeto/Programa04/Planning" start="@1555564472019" delta="1" />
  <time id="83" path="/Projeto/Programa04/Code" start="@1555564524737" delta="11" interrupt="4" />
  <time id="84" path="/Projeto/Programa04/Code" start="@1555565624964" delta="15" interrupt="4" />
  <time id="85" path="/Projeto/Programa04/Code" start="@1555567060108" delta="12" />
  <time id="86" path="/Projeto/Programa04/Code" start="@1555569470212" delta="14" />
  <time id="87" path="/Projeto/Programa04/Code" start="@1555653186395" delta="7" interrupt="1" />
  <time id="88" path="/Projeto/Programa04/Code" start="@1555655920539" delta="4" interrupt="1" />
  <time id="89" path="/Projeto/Programa04/Compile" start="@1555738385410" delta="2" />
  <time id="90" path="/Projeto/Programa04/Test" start="@1555738486019" delta="13" />
  <time id="92" path="/Projeto/Programa04/Postmortem" start="@1555743137048" delta="13" />
  <time id="94" path="/Projeto/Programa05/Planning" start="@1556578095967" delta="2" />
  <time id="95" path="/Projeto/Programa05/Design" start="@1556578236219" delta="3" />
  <time id="96" path="/Projeto/Programa05/Design Review" start="@1556578556735" delta="1" />
  <time id="97" path="/Projeto/Programa05/Code" start="@1556578575907" delta="9" interrupt="3" />
  <time id="98" path="/Projeto/Programa05/Code" start="@1556582825309" delta="2" />
  <time id="100" path="/Projeto/Programa05/Code" start="@1556599867063" delta="6" interrupt="10" />
  <time id="101" path="/Projeto/Programa05/Code" start="@1556646747306" delta="16" interrupt="4" />
  <time id="102" path="/Projeto/Programa05/Code" start="@1556648287211" delta="5" interrupt="3" />
  <time id="103" path="/Projeto/Programa05/Code" start="@1556685011280" delta="5" />
  <time id="104" path="/Projeto/Programa05/Code" start="@1556685816892" delta="3" />
  <time id="105" path="/Projeto/Programa05/Code" start="@1556686476393" delta="4" />
  <time id="106" path="/Projeto/Programa05/Code" start="@1556749126703" delta="2" />
  <time id="107" path="/Projeto/Programa05/Code Review" start="@1556749224055" delta="10" />
  <time id="108" path="/Projeto/Programa05/Test" start="@1556749872882" delta="14" interrupt="2" />
  <time id="109" path="/Projeto/Programa05/Postmortem" start="@1556774063754" delta="6" />
  <time id="110" path="/Projeto/Programa06/Planning" start="@1557283039671" delta="2" />
  <time id="111" path="/Projeto/Programa06/Design" start="@1557283308161" delta="2" />
  <time id="112" path="/Projeto/Programa06/Design Review" start="@1557283438098" delta="1" />
  <time id="113" path="/Projeto/Programa06/Code" start="@1557283515397" delta="5" interrupt="2" />
  <time id="114" path="/Projeto/Programa06/Code" start="@1557284193168" delta="8" />
  <time id="115" path="/Projeto/Programa06/Code" start="@1557291026379" delta="8" />
  <time id="117" path="/Projeto/Programa06/Code" start="@1557815375173" delta="4" />
  <time id="118" path="/Projeto/Programa06/Code Review" start="@1557815644606" delta="2" />
  <time id="120" path="/Projeto/Programa06/Compile" start="@1557816409062" delta="1" />
  <time id="122" path="/Projeto/Programa06/Test" start="@1557816707151" delta="17" />
  <time id="123" path="/Projeto/Programa06/Postmortem" start="@1557891678031" delta="4" />
  <time id="125" path="/Projeto/Programa07/Planning" start="@1558587391000" delta="1" />
  <time id="126" path="/Projeto/Programa07/Planning" start="@1558588430081" delta="3" />
  <time id="127" path="/Projeto/Programa07/Design" start="@1558589087139" delta="2" />
  <time id="128" path="/Projeto/Programa07/Design Review" start="@1558589192185" delta="1" />
  <time id="129" path="/Projeto/Programa07/Code" start="@1558589277570" delta="8" interrupt="2" />
  <time id="130" path="/Projeto/Programa07/Code" start="@1558590594244" delta="6" />
  <time id="131" path="/Projeto/Programa07/Code" start="@1558641155502" delta="4" interrupt="2" />
  <time id="132" path="/Projeto/Programa07/Code" start="@1558641840481" delta="9" />
  <time id="133" path="/Projeto/Programa07/Code" start="@1558643232382" delta="8" />
  <time id="135" path="/Projeto/Programa07/Code" start="@1558671413534" delta="1" interrupt="9" />
  <time id="136" path="/Projeto/Programa07/Code" start="@1558672277459" delta="2" interrupt="2" />
  <time id="137" path="/Projeto/Programa07/Compile" start="@1558672747845" delta="1" interrupt="4" />
  <time id="139" path="/Projeto/Programa07/Compile" start="@1558910826816" delta="2" />
  <time id="140" path="/Projeto/Programa07/Code Review" start="@1558911017791" delta="3" interrupt="5" />
  <time id="141" path="/Projeto/Programa07/Code Review" start="@1558911609500" delta="1" interrupt="2" />
  <time id="142" path="/Projeto/Programa07/Test" start="@1559093572912" delta="3" />
  <time id="143" path="/Projeto/Programa07/Test" start="@1559096231539" delta="6" />
  <time id="144" path="/Projeto/Programa07/Test" start="@1559099193996" delta="12" interrupt="104" />
  <time id="145" path="/Projeto/Programa07/Postmortem" start="@1559106365932" delta="3" />
  <time id="146" path="/Projeto/Programa07/Postmortem" start="@1559106796993" delta="1" />
</timeLogEntries>
